nome,email,telefone,cpf,nascimento,genero,area,nivel,resumo
Jéssica Lima,jessica@email.com,2199999999,,,,Software Engineering,Estágio,Estudante focada em transição para Tech.
Jéssica Lima,jessica@email.com,2199999999,,,,Software Engineering,Estágio,Estudante focada em transição para Tech.
Jéssica Lima,jessica@email.com,2199999999,,,,Software Engineering,Estágio,Estudante focada em transição para Tech.
Jéssica Lima,jessica@email.com,2199999999,,,,Software Engineering,Estágio,Estudante focada em transição para Tech.
Jéssica Lima,jessica@email.com,2199999999,,,,Software Engineering,Estágio,Estudante focada em transição para Tech.
Jéssica Lima,jessica@email.com,2199999999,,,,Software Engineering,Estágio,Estudante focada em transição para Tech.
Jéssica Lima,jessica@email.com,2199999999,,,,Software Engineering,Estágio,Estudante focada em transição para Tech.
Jéssica Lima,jessica@email.com,2199999999,,,,Software Engineering,Estágio,Estudante focada em transição para Tech.
Jéssica Lima,jessica@email.com,2199999999,,,,Software Engineering,Estágio,Estudante focada em transição para Tech.
Jéssica Lima,jessica@email.com,2199999999,,,,Software Engineering,Estágio,Estudante focada em transição para Tech.
Jéssica Lima,jessica@email.com,2199999999,,,,Software Engineering,Estágio,Estudante focada em transição para Tech.
Jéssica Lima,jessica@email.com,2199999999,,,,Software Engineering,Estágio,Estudante focada em transição para Tech.
Jéssica Lima,jessica@email.com,2199999999,,,,Software Engineering,Estágio,Estudante focada em transição para Tech.
Jéssica Lima,jessica@email.com,2199999999,,,,Software Engineering,Estágio,Estudante focada em transição para Tech.
Jéssica Lima,jessica@email.com,2199999999,,,,Software Engineering,Estágio,Estudante focada em transição para Tech.
Jéssica Lima,jessica@email.com,2199999999,,,,Software Engineering,Estágio,Estudante focada em transição para Tech.
Jéssica Lima,jessica@email.com,2199999999,,,,Software Engineering,Estágio,Estudante focada em transição para Tech.
Jéssica Lima,jessica@email.com,2199999999,,,,Software Engineering,Estágio,Estudante focada em transição para Tech.
Jéssica Lima,jessica@email.com,2199999999,,,,Software Engineering,Estágio,Estudante focada em transição para Tech.
Jéssica Lima,jessica@email.com,2199999999,,,,Software Engineering,Estágio,Estudante focada em transição para Tech.
Jéssica Lima,jessica@email.com,2199999999,,,,Software Engineering,Estágio,Estudante focada em transição para Tech.
Jéssica Lima,jessica@email.com,2199999999,,,,Software Engineering,Estágio,Estudante focada em transição para Tech.
Jéssica Lima,jessica@email.com,2199999999,,,,Software Engineering,Estágio,Estudante focada em transição para Tech.
Jéssica Lima,jessica@email.com,2199999999,,,,Software Engineering,Estágio,Estudante focada em transição para Tech.
